<?xml version="1.0" encoding="UTF-8"?>
<config xmlns="http://www.knime.org/2008/09/XMLConfig" xmlns:xsi="http://www.w3.org/2001/XMLSchema-instance" xsi:schemaLocation="http://www.knime.org/2008/09/XMLConfig http://www.knime.org/XMLConfig_2008_09.xsd" key="model.xml">
    <entry key="version" type="xint" value="1"/>
    <entry key="class_name" type="xstring" value="org.knime.base.data.normalize.NormalizerPortObject"/>
    <config key="model">
        <config key="columns">
            <config key="Acidez">
                <entry key="column_name" type="xstring" value="Acidez"/>
                <entry key="column_scale" type="xdouble" value="1.2593014726405525"/>
                <entry key="column_translate" type="xdouble" value="-0.39197097013090393"/>
                <entry key="column_min" type="xdouble" value="NaN"/>
                <entry key="column_max" type="xdouble" value="NaN"/>
            </config>
            <config key="AcidoCitrico">
                <entry key="column_name" type="xstring" value="AcidoCitrico"/>
                <entry key="column_scale" type="xdouble" value="1.1420898630130083"/>
                <entry key="column_translate" type="xdouble" value="-0.3558246956900956"/>
                <entry key="column_min" type="xdouble" value="NaN"/>
                <entry key="column_max" type="xdouble" value="NaN"/>
            </config>
            <config key="Azucar">
                <entry key="column_name" type="xstring" value="Azucar"/>
                <entry key="column_scale" type="xdouble" value="4.619953929744315E-5"/>
                <entry key="column_translate" type="xdouble" value="-0.22792139997549973"/>
                <entry key="column_min" type="xdouble" value="NaN"/>
                <entry key="column_max" type="xdouble" value="NaN"/>
            </config>
            <config key="CloruroSodico">
                <entry key="column_name" type="xstring" value="CloruroSodico"/>
                <entry key="column_scale" type="xdouble" value="1.6291117314376748"/>
                <entry key="column_translate" type="xdouble" value="1.2630402195855734"/>
                <entry key="column_min" type="xdouble" value="NaN"/>
                <entry key="column_max" type="xdouble" value="NaN"/>
            </config>
            <config key="Densidad">
                <entry key="column_name" type="xstring" value="Densidad"/>
                <entry key="column_scale" type="xdouble" value="38.034708533681346"/>
                <entry key="column_translate" type="xdouble" value="-37.80262098955812"/>
                <entry key="column_min" type="xdouble" value="NaN"/>
                <entry key="column_max" type="xdouble" value="NaN"/>
            </config>
            <config key="pH">
                <entry key="column_name" type="xstring" value="pH"/>
                <entry key="column_scale" type="xdouble" value="1.4989955754386923"/>
                <entry key="column_translate" type="xdouble" value="-4.787164974353831"/>
                <entry key="column_min" type="xdouble" value="NaN"/>
                <entry key="column_max" type="xdouble" value="NaN"/>
            </config>
            <config key="Sulfatos">
                <entry key="column_name" type="xstring" value="Sulfatos"/>
                <entry key="column_scale" type="xdouble" value="1.111080809080926"/>
                <entry key="column_translate" type="xdouble" value="-0.565925869731897"/>
                <entry key="column_min" type="xdouble" value="NaN"/>
                <entry key="column_max" type="xdouble" value="NaN"/>
            </config>
            <config key="Alcohol">
                <entry key="column_name" type="xstring" value="Alcohol"/>
                <entry key="column_scale" type="xdouble" value="3.2244316458176177"/>
                <entry key="column_translate" type="xdouble" value="-3.349735020190048"/>
                <entry key="column_min" type="xdouble" value="NaN"/>
                <entry key="column_max" type="xdouble" value="NaN"/>
            </config>
            <config key="Clasificacion">
                <entry key="column_name" type="xstring" value="Clasificacion"/>
                <entry key="column_scale" type="xdouble" value="0.9024087075549699"/>
                <entry key="column_translate" type="xdouble" value="-1.6492997564042449"/>
                <entry key="column_min" type="xdouble" value="NaN"/>
                <entry key="column_max" type="xdouble" value="NaN"/>
            </config>
            <config key="PrecioBotella">
                <entry key="column_name" type="xstring" value="PrecioBotella"/>
                <entry key="column_scale" type="xdouble" value="0.6811684222551159"/>
                <entry key="column_translate" type="xdouble" value="-1.7731625027221107"/>
                <entry key="column_min" type="xdouble" value="NaN"/>
                <entry key="column_max" type="xdouble" value="NaN"/>
            </config>
            <config key="Bin1">
                <entry key="column_name" type="xstring" value="Bin1"/>
                <entry key="column_scale" type="xdouble" value="2.2693383935162177"/>
                <entry key="column_translate" type="xdouble" value="-1.6710685919238943"/>
                <entry key="column_min" type="xdouble" value="NaN"/>
                <entry key="column_max" type="xdouble" value="NaN"/>
            </config>
            <config key="Bin2">
                <entry key="column_name" type="xstring" value="Bin2"/>
                <entry key="column_scale" type="xdouble" value="3.7894876491799145"/>
                <entry key="column_translate" type="xdouble" value="-0.2853015963989876"/>
                <entry key="column_min" type="xdouble" value="NaN"/>
                <entry key="column_max" type="xdouble" value="NaN"/>
            </config>
            <config key="Bin3">
                <entry key="column_name" type="xstring" value="Bin3"/>
                <entry key="column_scale" type="xdouble" value="3.749729398136764"/>
                <entry key="column_translate" type="xdouble" value="-0.28887360045675986"/>
                <entry key="column_min" type="xdouble" value="NaN"/>
                <entry key="column_max" type="xdouble" value="NaN"/>
            </config>
            <config key="Bin4">
                <entry key="column_name" type="xstring" value="Bin4"/>
                <entry key="column_scale" type="xdouble" value="4.914164584447289"/>
                <entry key="column_translate" type="xdouble" value="-0.21264394024746885"/>
                <entry key="column_min" type="xdouble" value="NaN"/>
                <entry key="column_max" type="xdouble" value="NaN"/>
            </config>
            <config key="Bin5">
                <entry key="column_name" type="xstring" value="Bin5"/>
                <entry key="column_scale" type="xdouble" value="3.970841862076451"/>
                <entry key="column_translate" type="xdouble" value="-0.2701523227825905"/>
                <entry key="column_min" type="xdouble" value="NaN"/>
                <entry key="column_max" type="xdouble" value="NaN"/>
            </config>
        </config>
        <entry key="summary" type="xstring" value="Z-Score (Gaussian) normalization on 15 column(s)"/>
    </config>
</config>
