<?xml version="1.0" encoding="UTF-8"?>
<config xmlns="http://www.knime.org/2008/09/XMLConfig" xmlns:xsi="http://www.w3.org/2001/XMLSchema-instance" xsi:schemaLocation="http://www.knime.org/2008/09/XMLConfig http://www.knime.org/XMLConfig_2008_09.xsd" key="MiningSchema">
    <config key="learning">
        <entry key="array-size" type="xint" value="9"/>
        <entry key="0" type="xstring" value="pH"/>
        <entry key="1" type="xstring" value="Alcohol"/>
        <entry key="2" type="xstring" value="CalifProductor"/>
        <entry key="3" type="xstring" value="Region"/>
        <entry key="4" type="xstring" value="PrecioBotella"/>
        <entry key="5" type="xstring" value="Bin1"/>
        <entry key="6" type="xstring" value="Bin2"/>
        <entry key="7" type="xstring" value="Bin3"/>
        <entry key="8" type="xstring" value="Bin4"/>
    </config>
    <config key="target">
        <entry key="array-size" type="xint" value="1"/>
        <entry key="0" type="xstring" value="Compra"/>
    </config>
</config>
