<?xml version="1.0" encoding="UTF-8"?>
<config xmlns="http://www.knime.org/2008/09/XMLConfig" xmlns:xsi="http://www.w3.org/2001/XMLSchema-instance" xsi:schemaLocation="http://www.knime.org/2008/09/XMLConfig http://www.knime.org/XMLConfig_2008_09.xsd" key="MiningSchema">
    <config key="learning">
        <entry key="array-size" type="xint" value="12"/>
        <entry key="0" type="xstring" value="Acidez"/>
        <entry key="1" type="xstring" value="AcidoCitrico"/>
        <entry key="2" type="xstring" value="CloruroSodico"/>
        <entry key="3" type="xstring" value="Densidad"/>
        <entry key="4" type="xstring" value="pH"/>
        <entry key="5" type="xstring" value="Sulfatos"/>
        <entry key="6" type="xstring" value="Alcohol"/>
        <entry key="7" type="xstring" value="Azucar_binned"/>
        <entry key="8" type="xstring" value="Bin1"/>
        <entry key="9" type="xstring" value="Bin2"/>
        <entry key="10" type="xstring" value="Bin3"/>
        <entry key="11" type="xstring" value="Bin4"/>
    </config>
    <config key="target">
        <entry key="array-size" type="xint" value="1"/>
        <entry key="0" type="xstring" value="Compra"/>
    </config>
</config>
