<?xml version="1.0" encoding="UTF-8"?>
<config xmlns="http://www.knime.org/2008/09/XMLConfig" xmlns:xsi="http://www.w3.org/2001/XMLSchema-instance" xsi:schemaLocation="http://www.knime.org/2008/09/XMLConfig http://www.knime.org/XMLConfig_2008_09.xsd" key="MiningSchema">
    <config key="learning">
        <entry key="array-size" type="xint" value="23"/>
        <entry key="0" type="xstring" value="Acidez"/>
        <entry key="1" type="xstring" value="AcidoCitrico"/>
        <entry key="2" type="xstring" value="Azucar"/>
        <entry key="3" type="xstring" value="CloruroSodico"/>
        <entry key="4" type="xstring" value="Densidad"/>
        <entry key="5" type="xstring" value="pH"/>
        <entry key="6" type="xstring" value="Sulfatos"/>
        <entry key="7" type="xstring" value="Alcohol"/>
        <entry key="8" type="xstring" value="Clasificacion"/>
        <entry key="9" type="xstring" value="M-MM"/>
        <entry key="10" type="xstring" value="R-r"/>
        <entry key="11" type="xstring" value="B-b"/>
        <entry key="12" type="xstring" value="MB"/>
        <entry key="13" type="xstring" value="mm"/>
        <entry key="14" type="xstring" value="m"/>
        <entry key="15" type="xstring" value="mb"/>
        <entry key="16" type="xstring" value="***"/>
        <entry key="17" type="xstring" value="**"/>
        <entry key="18" type="xstring" value="*"/>
        <entry key="19" type="xstring" value="1"/>
        <entry key="20" type="xstring" value="3"/>
        <entry key="21" type="xstring" value="2"/>
        <entry key="22" type="xstring" value="2116650687120488"/>
    </config>
    <config key="target">
        <entry key="array-size" type="xint" value="1"/>
        <entry key="0" type="xstring" value="Etiqueta"/>
    </config>
</config>
