<?xml version="1.0" encoding="UTF-8"?>
<config xmlns="http://www.knime.org/2008/09/XMLConfig" xmlns:xsi="http://www.w3.org/2001/XMLSchema-instance" xsi:schemaLocation="http://www.knime.org/2008/09/XMLConfig http://www.knime.org/XMLConfig_2008_09.xsd" key="model.xml">
    <entry key="version" type="xint" value="1"/>
    <entry key="class_name" type="xstring" value="org.knime.base.data.normalize.NormalizerPortObject"/>
    <config key="model">
        <config key="columns">
            <config key="Acidez">
                <entry key="column_name" type="xstring" value="Acidez"/>
                <entry key="column_scale" type="xdouble" value="0.1545595054095827"/>
                <entry key="column_translate" type="xdouble" value="0.4312210200927357"/>
                <entry key="column_min" type="xdouble" value="0.0"/>
                <entry key="column_max" type="xdouble" value="1.0"/>
            </config>
            <config key="AcidoCitrico">
                <entry key="column_name" type="xstring" value="AcidoCitrico"/>
                <entry key="column_scale" type="xdouble" value="0.14084507042253522"/>
                <entry key="column_translate" type="xdouble" value="0.45633802816901414"/>
                <entry key="column_min" type="xdouble" value="0.0"/>
                <entry key="column_max" type="xdouble" value="1.0"/>
            </config>
            <config key="Azucar">
                <entry key="column_name" type="xstring" value="Azucar"/>
                <entry key="column_scale" type="xdouble" value="9.987405881183827E-6"/>
                <entry key="column_translate" type="xdouble" value="0.0012693992874984643"/>
                <entry key="column_min" type="xdouble" value="0.0"/>
                <entry key="column_max" type="xdouble" value="1.0"/>
            </config>
            <config key="Sulfatos">
                <entry key="column_name" type="xstring" value="Sulfatos"/>
                <entry key="column_scale" type="xdouble" value="0.1364256480218281"/>
                <entry key="column_translate" type="xdouble" value="0.4256480218281037"/>
                <entry key="column_min" type="xdouble" value="0.0"/>
                <entry key="column_max" type="xdouble" value="1.0"/>
            </config>
        </config>
        <entry key="summary" type="xstring" value="Min/Max (0.0, 1) normalization on 4 column(s)"/>
    </config>
</config>
