<?xml version="1.0" encoding="UTF-8"?>
<config xmlns="http://www.knime.org/2008/09/XMLConfig" xmlns:xsi="http://www.w3.org/2001/XMLSchema-instance" xsi:schemaLocation="http://www.knime.org/2008/09/XMLConfig http://www.knime.org/XMLConfig_2008_09.xsd" key="model.xml">
    <entry key="version" type="xint" value="1"/>
    <entry key="class_name" type="xstring" value="org.knime.base.data.normalize.NormalizerPortObject"/>
    <config key="model">
        <config key="columns">
            <config key="Acidez">
                <entry key="column_name" type="xstring" value="Acidez"/>
                <entry key="column_scale" type="xdouble" value="0.1545595054095827"/>
                <entry key="column_translate" type="xdouble" value="0.4312210200927357"/>
                <entry key="column_min" type="xdouble" value="0.0"/>
                <entry key="column_max" type="xdouble" value="1.0"/>
            </config>
            <config key="AcidoCitrico">
                <entry key="column_name" type="xstring" value="AcidoCitrico"/>
                <entry key="column_scale" type="xdouble" value="0.14084507042253522"/>
                <entry key="column_translate" type="xdouble" value="0.45633802816901414"/>
                <entry key="column_min" type="xdouble" value="0.0"/>
                <entry key="column_max" type="xdouble" value="1.0"/>
            </config>
            <config key="Azucar">
                <entry key="column_name" type="xstring" value="Azucar"/>
                <entry key="column_scale" type="xdouble" value="9.987405881183827E-6"/>
                <entry key="column_translate" type="xdouble" value="0.0012693992874984643"/>
                <entry key="column_min" type="xdouble" value="0.0"/>
                <entry key="column_max" type="xdouble" value="1.0"/>
            </config>
            <config key="CloruroSodico">
                <entry key="column_name" type="xstring" value="CloruroSodico"/>
                <entry key="column_scale" type="xdouble" value="0.31942193838500466"/>
                <entry key="column_translate" type="xdouble" value="0.9582658151550139"/>
                <entry key="column_min" type="xdouble" value="0.0"/>
                <entry key="column_max" type="xdouble" value="1.0"/>
            </config>
            <config key="Densidad">
                <entry key="column_name" type="xstring" value="Densidad"/>
                <entry key="column_scale" type="xdouble" value="4.735969689793986"/>
                <entry key="column_translate" type="xdouble" value="-4.205967321809141"/>
                <entry key="column_min" type="xdouble" value="0.0"/>
                <entry key="column_max" type="xdouble" value="1.0"/>
            </config>
            <config key="pH">
                <entry key="column_name" type="xstring" value="pH"/>
                <entry key="column_scale" type="xdouble" value="0.18148820326678766"/>
                <entry key="column_translate" type="xdouble" value="-0.09800362976406535"/>
                <entry key="column_min" type="xdouble" value="0.0"/>
                <entry key="column_max" type="xdouble" value="1.0"/>
            </config>
            <config key="Sulfatos">
                <entry key="column_name" type="xstring" value="Sulfatos"/>
                <entry key="column_scale" type="xdouble" value="0.1364256480218281"/>
                <entry key="column_translate" type="xdouble" value="0.4256480218281037"/>
                <entry key="column_min" type="xdouble" value="0.0"/>
                <entry key="column_max" type="xdouble" value="1.0"/>
            </config>
            <config key="Alcohol">
                <entry key="column_name" type="xstring" value="Alcohol"/>
                <entry key="column_scale" type="xdouble" value="0.3148524140006359"/>
                <entry key="column_translate" type="xdouble" value="0.31485241400063585"/>
                <entry key="column_min" type="xdouble" value="0.0"/>
                <entry key="column_max" type="xdouble" value="1.0"/>
            </config>
            <config key="CalifProductor">
                <entry key="column_name" type="xstring" value="CalifProductor"/>
                <entry key="column_scale" type="xdouble" value="0.08333333333333333"/>
                <entry key="column_translate" type="xdouble" value="0.0"/>
                <entry key="column_min" type="xdouble" value="0.0"/>
                <entry key="column_max" type="xdouble" value="1.0"/>
            </config>
            <config key="Clasificacion">
                <entry key="column_name" type="xstring" value="Clasificacion"/>
                <entry key="column_scale" type="xdouble" value="0.25"/>
                <entry key="column_translate" type="xdouble" value="0.0"/>
                <entry key="column_min" type="xdouble" value="0.0"/>
                <entry key="column_max" type="xdouble" value="1.0"/>
            </config>
            <config key="PrecioBotella">
                <entry key="column_name" type="xstring" value="PrecioBotella"/>
                <entry key="column_scale" type="xdouble" value="0.09578544061302682"/>
                <entry key="column_translate" type="xdouble" value="-0.09578544061302682"/>
                <entry key="column_min" type="xdouble" value="0.0"/>
                <entry key="column_max" type="xdouble" value="1.0"/>
            </config>
            <config key="Bin1">
                <entry key="column_name" type="xstring" value="Bin1"/>
                <entry key="column_scale" type="xdouble" value="1.0"/>
                <entry key="column_translate" type="xdouble" value="0.0"/>
                <entry key="column_min" type="xdouble" value="0.0"/>
                <entry key="column_max" type="xdouble" value="1.0"/>
            </config>
            <config key="Bin2">
                <entry key="column_name" type="xstring" value="Bin2"/>
                <entry key="column_scale" type="xdouble" value="1.0"/>
                <entry key="column_translate" type="xdouble" value="0.0"/>
                <entry key="column_min" type="xdouble" value="0.0"/>
                <entry key="column_max" type="xdouble" value="1.0"/>
            </config>
            <config key="Bin3">
                <entry key="column_name" type="xstring" value="Bin3"/>
                <entry key="column_scale" type="xdouble" value="1.0"/>
                <entry key="column_translate" type="xdouble" value="0.0"/>
                <entry key="column_min" type="xdouble" value="0.0"/>
                <entry key="column_max" type="xdouble" value="1.0"/>
            </config>
            <config key="Bin4">
                <entry key="column_name" type="xstring" value="Bin4"/>
                <entry key="column_scale" type="xdouble" value="1.0"/>
                <entry key="column_translate" type="xdouble" value="0.0"/>
                <entry key="column_min" type="xdouble" value="0.0"/>
                <entry key="column_max" type="xdouble" value="1.0"/>
            </config>
            <config key="Bin5">
                <entry key="column_name" type="xstring" value="Bin5"/>
                <entry key="column_scale" type="xdouble" value="1.0"/>
                <entry key="column_translate" type="xdouble" value="0.0"/>
                <entry key="column_min" type="xdouble" value="0.0"/>
                <entry key="column_max" type="xdouble" value="1.0"/>
            </config>
        </config>
        <entry key="summary" type="xstring" value="Min/Max (0.0, 1) normalization on 16 column(s)"/>
    </config>
</config>
